<?xml version="1.0" encoding="UTF-8"?>
<?NLS TYPE="org.eclipse.help.toc"?>

<toc label="Neoclipse User Guide" topic="html/toc.html">
   <topic href="html/introduction.html" label="Introduction">
   </topic>
   <topic label="Getting started">
      <anchor id="gettingstarted"/>
   </topic>
   <topic label="Concepts">
      <anchor id="concepts"/>
   </topic>
   <topic label="Tasks">
      <anchor id="tasks"/>
   </topic>
   <topic label="Reference">
      <anchor id="reference"/>
   </topic>
</toc>
